{"_type":"export","__export_format":4,"__export_date":"2022-05-20T19:53:18.749Z","__export_source":"insomnia.desktop.app:v2022.3.0","resources":[{"_id":"req_c8c88e8271194b9ca6fb213f5f9bec92","parentId":"fld_6791bbc94d0c42c69d3dc2d6286a69dd","modified":1652789262396,"created":1651562827177,"url":"http://localhost:4000/api/v0.0/user/","name":"User con solo ID","description":"","method":"POST","body":{"mimeType":"application/json","text":"{\n\t\"id\":100\n\t\t\n}"},"parameters":[],"headers":[{"name":"Content-Type","value":"application/json","id":"pair_e876d20226894400a581af7b523ed97d"}],"authentication":{},"metaSortKey":-1651306500455,"isPrivate":false,"settingStoreCookies":true,"settingSendCookies":true,"settingDisableRenderRequestBody":false,"settingEncodeUrl":true,"settingRebuildPath":true,"settingFollowRedirects":"global","_type":"request"},{"_id":"fld_6791bbc94d0c42c69d3dc2d6286a69dd","parentId":"wrk_a669ea9da31c48aa9ab92b440bde4850","modified":1651562772585,"created":1651562772585,"name":"Bad Request /users/","description":"","environment":{},"environmentPropertyOrder":null,"metaSortKey":-1651562772585,"_type":"request_group"},{"_id":"wrk_a669ea9da31c48aa9ab92b440bde4850","parentId":null,"modified":1652821792621,"created":1650531836532,"name":"Backend Express Tasks","description":"","scope":"collection","_type":"workspace"},{"_id":"req_ecad3777afb14775a7f0aa61dfbc107c","parentId":"fld_6791bbc94d0c42c69d3dc2d6286a69dd","modified":1652789263863,"created":1651563447159,"url":"http://localhost:4000/api/v0.0/user/","name":"User con solo userName","description":"","method":"POST","body":{"mimeType":"application/json","text":"{\n\t\"userName\": \"Rogelio\"\n\t\t\n}"},"parameters":[],"headers":[{"name":"Content-Type","value":"application/json","id":"pair_e876d20226894400a581af7b523ed97d"}],"authentication":{},"metaSortKey":-1651264495141.75,"isPrivate":false,"settingStoreCookies":true,"settingSendCookies":true,"settingDisableRenderRequestBody":false,"settingEncodeUrl":true,"settingRebuildPath":true,"settingFollowRedirects":"global","_type":"request"},{"_id":"req_cc85d66bb52f4dc68ca1c623f0470c55","parentId":"fld_6791bbc94d0c42c69d3dc2d6286a69dd","modified":1652789264541,"created":1651563459018,"url":"http://localhost:4000/api/v0.0/user/","name":"User con solo password","description":"","method":"POST","body":{"mimeType":"application/json","text":"{\n\t\"password\": \"123456\"\n\t\t\n}"},"parameters":[],"headers":[{"name":"Content-Type","value":"application/json","id":"pair_e876d20226894400a581af7b523ed97d"}],"authentication":{},"metaSortKey":-1651243492485.125,"isPrivate":false,"settingStoreCookies":true,"settingSendCookies":true,"settingDisableRenderRequestBody":false,"settingEncodeUrl":true,"settingRebuildPath":true,"settingFollowRedirects":"global","_type":"request"},{"_id":"req_f76bcbda61ed49c7972d16c3fcc4a1ab","parentId":"fld_6791bbc94d0c42c69d3dc2d6286a69dd","modified":1652789265025,"created":1651562927041,"url":"http://localhost:4000/api/v0.0/user/","name":"User con ID, userName","description":"","method":"POST","body":{"mimeType":"application/json","text":"{\n\t\t\"id\": 100,\n\t\t\"name\": \"Rogelio\"\n}"},"parameters":[],"headers":[{"name":"Content-Type","value":"application/json","id":"pair_e876d20226894400a581af7b523ed97d"}],"authentication":{},"metaSortKey":-1651222489828.5,"isPrivate":false,"settingStoreCookies":true,"settingSendCookies":true,"settingDisableRenderRequestBody":false,"settingEncodeUrl":true,"settingRebuildPath":true,"settingFollowRedirects":"global","_type":"request"},{"_id":"req_9919b50f304a4137bcab0596415abfe7","parentId":"fld_6791bbc94d0c42c69d3dc2d6286a69dd","modified":1652789265692,"created":1651563284951,"url":"http://localhost:4000/api/v0.0/user/","name":"User con ID, password","description":"","method":"POST","body":{"mimeType":"application/json","text":"{\n\t\"id\": 100,\n\t\"password\": \"123456\"\n}"},"parameters":[],"headers":[{"name":"Content-Type","value":"application/json","id":"pair_e876d20226894400a581af7b523ed97d"}],"authentication":{},"metaSortKey":-1651180484515.25,"isPrivate":false,"settingStoreCookies":true,"settingSendCookies":true,"settingDisableRenderRequestBody":false,"settingEncodeUrl":true,"settingRebuildPath":true,"settingFollowRedirects":"global","_type":"request"},{"_id":"req_f88f92a1321c4fd584b6473bec024398","parentId":"fld_6791bbc94d0c42c69d3dc2d6286a69dd","modified":1652789289500,"created":1652789194348,"url":"http://localhost:4000/api/v0.0/user/","name":"User con contenido sin formato","description":"","method":"POST","body":{"mimeType":"application/json","text":"...esto ya no debe fallar"},"parameters":[],"headers":[{"name":"Content-Type","value":"application/json","id":"pair_d3964198b91a4bf1949363cb325016a1"}],"authentication":{},"metaSortKey":-1651180484502.75,"isPrivate":false,"settingStoreCookies":true,"settingSendCookies":true,"settingDisableRenderRequestBody":false,"settingEncodeUrl":true,"settingRebuildPath":true,"settingFollowRedirects":"global","_type":"request"},{"_id":"req_d7912305cb8f4f1b95753016ce1b6035","parentId":"fld_6791bbc94d0c42c69d3dc2d6286a69dd","modified":1652789308548,"created":1652742071208,"url":"http://localhost:4000/api/v0.0/user/","name":"User con ID y userName","description":"","method":"PUT","body":{"mimeType":"application/json","text":"{\n\t\"id\": 6,\n\t\"userName\":\"Fico\"\n}"},"parameters":[],"headers":[{"name":"Content-Type","value":"application/json","id":"pair_0d851fccf49b4565b9679561c7bfafe3"}],"authentication":{},"metaSortKey":-1651180484490.25,"isPrivate":false,"settingStoreCookies":true,"settingSendCookies":true,"settingDisableRenderRequestBody":false,"settingEncodeUrl":true,"settingRebuildPath":true,"settingFollowRedirects":"global","_type":"request"},{"_id":"req_d6f739359bda4f5d96c36e7f4684124d","parentId":"fld_6791bbc94d0c42c69d3dc2d6286a69dd","modified":1652789359056,"created":1652789330011,"url":"http://localhost:4000/api/v0.0/user/","name":"User con ID y password","description":"","method":"PUT","body":{"mimeType":"application/json","text":"{\n\t\"id\": 6,\n\t\"password\":\"123456\"\n}"},"parameters":[],"headers":[{"name":"Content-Type","value":"application/json","id":"pair_0d851fccf49b4565b9679561c7bfafe3"}],"authentication":{},"metaSortKey":-1651180484477.75,"isPrivate":false,"settingStoreCookies":true,"settingSendCookies":true,"settingDisableRenderRequestBody":false,"settingEncodeUrl":true,"settingRebuildPath":true,"settingFollowRedirects":"global","_type":"request"},{"_id":"req_b85c467b276e4246868db7466cc6df6f","parentId":"fld_6791bbc94d0c42c69d3dc2d6286a69dd","modified":1652789432207,"created":1652789392757,"url":"http://localhost:4000/api/v0.0/user/","name":"User con userName y password","description":"","method":"PUT","body":{"mimeType":"application/json","text":"{\n\t\"userName\": \"Zico\",\n\t\"password\":\"123456\"\n}"},"parameters":[],"headers":[{"name":"Content-Type","value":"application/json","id":"pair_0d851fccf49b4565b9679561c7bfafe3"}],"authentication":{},"metaSortKey":-1651180484471.5,"isPrivate":false,"settingStoreCookies":true,"settingSendCookies":true,"settingDisableRenderRequestBody":false,"settingEncodeUrl":true,"settingRebuildPath":true,"settingFollowRedirects":"global","_type":"request"},{"_id":"req_21c558e2f1214a558883473ab753be94","parentId":"fld_6791bbc94d0c42c69d3dc2d6286a69dd","modified":1652789084301,"created":1651736143045,"url":"http://localhost:4000/api/v0.0/user/","name":"User con ID, userName","description":"","method":"DELETE","body":{"mimeType":"application/json","text":"{\n\t\"id\": 6,\n\t\"userName\":\"Fico\"\n}"},"parameters":[],"headers":[{"name":"Content-Type","value":"application/json","id":"pair_1c187bd7f3434d1a9de69943488a579c"}],"authentication":{},"metaSortKey":-1651180484465.25,"isPrivate":false,"settingStoreCookies":true,"settingSendCookies":true,"settingDisableRenderRequestBody":false,"settingEncodeUrl":true,"settingRebuildPath":true,"settingFollowRedirects":"global","_type":"request"},{"_id":"req_3dac4fb9dace46a88045db067b133171","parentId":"wrk_a669ea9da31c48aa9ab92b440bde4850","modified":1652788369393,"created":1651474497807,"url":"http://localhost:4000/api/v0.0/users/","name":"Users","description":"","method":"GET","body":{},"parameters":[],"headers":[],"authentication":{},"metaSortKey":-1651551741231.625,"isPrivate":false,"settingStoreCookies":true,"settingSendCookies":true,"settingDisableRenderRequestBody":false,"settingEncodeUrl":true,"settingRebuildPath":true,"settingFollowRedirects":"global","_type":"request"},{"_id":"req_55789b03eb504f469d21833314167c2b","parentId":"wrk_a669ea9da31c48aa9ab92b440bde4850","modified":1652789574224,"created":1651474521708,"url":"http://localhost:4000/api/v0.0/user/","name":"User","description":"","method":"POST","body":{"mimeType":"application/json","text":"{\n\t\"userName\": \"Zico\",\n\t\"password\": \"123456\"\t\t\n}"},"parameters":[],"headers":[{"name":"Content-Type","value":"application/json","id":"pair_e876d20226894400a581af7b523ed97d"}],"authentication":{},"metaSortKey":-1651540709878.25,"isPrivate":false,"settingStoreCookies":true,"settingSendCookies":true,"settingDisableRenderRequestBody":false,"settingEncodeUrl":true,"settingRebuildPath":true,"settingFollowRedirects":"global","_type":"request"},{"_id":"req_6b507f9cd8f849c583d97f4bd554d8d9","parentId":"wrk_a669ea9da31c48aa9ab92b440bde4850","modified":1652789576904,"created":1652733581473,"url":"http://localhost:4000/api/v0.0/user/","name":"User","description":"","method":"PUT","body":{"mimeType":"application/json","text":"{\n\t\"id\": 6,\n\t\"userName\": \"Chico\",\n\t\"password\": \"123456\"\t\t\n}"},"parameters":[],"headers":[{"name":"Content-Type","value":"application/json","id":"pair_458820c1aec84d68b316e09c21c338d0"}],"authentication":{},"metaSortKey":-1651518647171.5,"isPrivate":false,"settingStoreCookies":true,"settingSendCookies":true,"settingDisableRenderRequestBody":false,"settingEncodeUrl":true,"settingRebuildPath":true,"settingFollowRedirects":"global","_type":"request"},{"_id":"req_1617ad2ae7a54f318ee30a2d25068e08","parentId":"wrk_a669ea9da31c48aa9ab92b440bde4850","modified":1652789579738,"created":1651566447919,"url":"http://localhost:4000/api/v0.0/user/","name":"User","description":"","method":"DELETE","body":{"mimeType":"application/json","text":"{\n\t\"id\": 7\n}"},"parameters":[],"headers":[{"name":"Content-Type","value":"application/json","id":"pair_f6c3ddcebe8a4193829fdb25d9917613"}],"authentication":{},"metaSortKey":-1651306500405,"isPrivate":false,"settingStoreCookies":true,"settingSendCookies":true,"settingDisableRenderRequestBody":false,"settingEncodeUrl":true,"settingRebuildPath":true,"settingFollowRedirects":"global","_type":"request"},{"_id":"req_af0b20129a8947e5a8c9bdb28764cd61","parentId":"fld_15c8fdff2666409c9edf10315b66cfe3","modified":1653076328446,"created":1652791739936,"url":"http://localhost:4000/api/v0.0/tasks/:id","name":"One Task sin ID","description":"","method":"GET","body":{"mimeType":"application/json","text":"{}"},"parameters":[],"headers":[{"name":"Content-Type","value":"application/json","id":"pair_c7617503307c45ceae006931592fd375"}],"authentication":{},"metaSortKey":-1652791739936,"isPrivate":false,"settingStoreCookies":true,"settingSendCookies":true,"settingDisableRenderRequestBody":false,"settingEncodeUrl":true,"settingRebuildPath":true,"settingFollowRedirects":"global","_type":"request"},{"_id":"fld_15c8fdff2666409c9edf10315b66cfe3","parentId":"wrk_a669ea9da31c48aa9ab92b440bde4850","modified":1651474324446,"created":1651138479102,"name":"Bad Request /Tasks/","description":"","environment":{},"environmentPropertyOrder":null,"metaSortKey":-1651138479102,"_type":"request_group"},{"_id":"req_e262b02fd4394dbf8d406c5d9816a17a","parentId":"fld_15c8fdff2666409c9edf10315b66cfe3","modified":1652821498852,"created":1651052046150,"url":"http://localhost:4000/api/v0.0/task/","name":"Task con solo ID","description":"","method":"POST","body":{"mimeType":"application/json","text":"{\n\t\"id\": 100\n}"},"parameters":[],"headers":[{"name":"Content-Type","value":"application/json","id":"pair_8dc7a85e39a14c94885e30fce060fc37"}],"authentication":{},"metaSortKey":-1651138479202,"isPrivate":false,"settingStoreCookies":true,"settingSendCookies":true,"settingDisableRenderRequestBody":false,"settingEncodeUrl":true,"settingRebuildPath":true,"settingFollowRedirects":"global","_type":"request"},{"_id":"req_289d0c04a6d145c8b4c6d37e75030599","parentId":"fld_15c8fdff2666409c9edf10315b66cfe3","modified":1652821502110,"created":1651562505361,"url":"http://localhost:4000/api/v0.0/task/","name":"Task con ID, description","description":"","method":"POST","body":{"mimeType":"application/json","text":"{\n\t\"id\": 100,\n\t\"description\": \"Comprar pan\"\n\t\n}"},"parameters":[],"headers":[{"name":"Content-Type","value":"application/json","id":"pair_8dc7a85e39a14c94885e30fce060fc37"}],"authentication":{},"metaSortKey":-1651138479177,"isPrivate":false,"settingStoreCookies":true,"settingSendCookies":true,"settingDisableRenderRequestBody":false,"settingEncodeUrl":true,"settingRebuildPath":true,"settingFollowRedirects":"global","_type":"request"},{"_id":"req_65a64fbae9f348b1872c9bd4933c4462","parentId":"fld_15c8fdff2666409c9edf10315b66cfe3","modified":1652821505160,"created":1651054211056,"url":"http://localhost:4000/api/v0.0/task/","name":"Task con ID, done","description":"","method":"POST","body":{"mimeType":"application/json","text":"{\n\t\"id\": 100,\n\t\n\t\"done\": false\n}"},"parameters":[],"headers":[{"name":"Content-Type","value":"application/json","id":"pair_8dc7a85e39a14c94885e30fce060fc37"}],"authentication":{},"metaSortKey":-1651138479152,"isPrivate":false,"settingStoreCookies":true,"settingSendCookies":true,"settingDisableRenderRequestBody":false,"settingEncodeUrl":true,"settingRebuildPath":true,"settingFollowRedirects":"global","_type":"request"},{"_id":"req_8737ea1203e34ebd9d3a4db20f861c1a","parentId":"fld_15c8fdff2666409c9edf10315b66cfe3","modified":1652821605653,"created":1651138460641,"url":"http://localhost:4000/api/v0.0/task/","name":"Task con Contenido sin formato adecuado","description":"","method":"POST","body":{"mimeType":"application/json","text":"estoNoDeberíaFallar...."},"parameters":[],"headers":[{"name":"Content-Type","value":"application/json","id":"pair_8dc7a85e39a14c94885e30fce060fc37"}],"authentication":{},"metaSortKey":-1651138479127,"isPrivate":false,"settingStoreCookies":true,"settingSendCookies":true,"settingDisableRenderRequestBody":false,"settingEncodeUrl":true,"settingRebuildPath":true,"settingFollowRedirects":"global","_type":"request"},{"_id":"req_9d4574707dfd43eb8ad1ebaf0d27cd31","parentId":"fld_15c8fdff2666409c9edf10315b66cfe3","modified":1653076286143,"created":1651053364969,"url":"http://localhost:4000/api/v0.0/task/","name":"Task solo con ID","description":"","method":"PUT","body":{"mimeType":"application/json","text":"{\n\t\t\"id\": 10000\n}"},"parameters":[],"headers":[{"name":"Content-Type","value":"application/json","id":"pair_705ce2ae23f34737bbe1c29bffdedec4"}],"authentication":{},"metaSortKey":-1651138479077,"isPrivate":false,"settingStoreCookies":true,"settingSendCookies":true,"settingDisableRenderRequestBody":false,"settingEncodeUrl":true,"settingRebuildPath":true,"settingFollowRedirects":"global","_type":"request"},{"_id":"req_3b06a9369da845038bdbe5ac83f23572","parentId":"fld_15c8fdff2666409c9edf10315b66cfe3","modified":1652744330508,"created":1651054170020,"url":"http://localhost:4000/api/v0.0/task/","name":"Task sin Contenido","description":"","method":"PUT","body":{"mimeType":"application/json","text":""},"parameters":[],"headers":[{"name":"Content-Type","value":"application/json","id":"pair_705ce2ae23f34737bbe1c29bffdedec4"}],"authentication":{},"metaSortKey":-1651138479027,"isPrivate":false,"settingStoreCookies":true,"settingSendCookies":true,"settingDisableRenderRequestBody":false,"settingEncodeUrl":true,"settingRebuildPath":true,"settingFollowRedirects":"global","_type":"request"},{"_id":"req_21824d54dcab41cb9a8650eb1c1422d2","parentId":"fld_15c8fdff2666409c9edf10315b66cfe3","modified":1653076317047,"created":1651138452945,"url":"http://localhost:4000/api/v0.0/task/","name":"Task con Contenido sin formato adecuado","description":"","method":"PUT","body":{"mimeType":"application/json","text":"estoNoDeberíaFallar...."},"parameters":[],"headers":[{"name":"Content-Type","value":"application/json","id":"pair_705ce2ae23f34737bbe1c29bffdedec4"}],"authentication":{},"metaSortKey":-1651138478977,"isPrivate":false,"settingStoreCookies":true,"settingSendCookies":true,"settingDisableRenderRequestBody":false,"settingEncodeUrl":true,"settingRebuildPath":true,"settingFollowRedirects":"global","_type":"request"},{"_id":"req_0ca11e9f8ace47fd8baadd2577210e79","parentId":"fld_15c8fdff2666409c9edf10315b66cfe3","modified":1652744347297,"created":1651055179070,"url":"http://localhost:4000/api/v0.0/task/","name":"Task sin Contenido","description":"","method":"DELETE","body":{"mimeType":"application/json","text":""},"parameters":[],"headers":[{"name":"Content-Type","value":"application/json","id":"pair_239dee066adf473c8d597752ba739710"}],"authentication":{},"metaSortKey":-1651138478877,"isPrivate":false,"settingStoreCookies":true,"settingSendCookies":true,"settingDisableRenderRequestBody":false,"settingEncodeUrl":true,"settingRebuildPath":true,"settingFollowRedirects":"global","_type":"request"},{"_id":"req_fa14e11124454498992a806f292922ea","parentId":"fld_15c8fdff2666409c9edf10315b66cfe3","modified":1652821712022,"created":1652821686791,"url":"http://localhost:4000/api/v0.0/task/","name":"Task con description","description":"","method":"DELETE","body":{"mimeType":"application/json","text":"{\n\t\"description\": \"Comprar jamón\"\n}"},"parameters":[],"headers":[{"name":"Content-Type","value":"application/json","id":"pair_239dee066adf473c8d597752ba739710"}],"authentication":{},"metaSortKey":-1651138478852,"isPrivate":false,"settingStoreCookies":true,"settingSendCookies":true,"settingDisableRenderRequestBody":false,"settingEncodeUrl":true,"settingRebuildPath":true,"settingFollowRedirects":"global","_type":"request"},{"_id":"req_4ffc26ff33414839821d27bf71ae804a","parentId":"fld_15c8fdff2666409c9edf10315b66cfe3","modified":1652821594669,"created":1651134716192,"url":"http://localhost:4000/api/v0.0/task/","name":"Task con Contenido sin formato adecuado","description":"","method":"DELETE","body":{"mimeType":"application/json","text":"estoNoDeberíaFallar...."},"parameters":[],"headers":[{"name":"Content-Type","value":"application/json","id":"pair_239dee066adf473c8d597752ba739710"}],"authentication":{},"metaSortKey":-1651138478827,"isPrivate":false,"settingStoreCookies":true,"settingSendCookies":true,"settingDisableRenderRequestBody":false,"settingEncodeUrl":true,"settingRebuildPath":true,"settingFollowRedirects":"global","_type":"request"},{"_id":"req_79faf5d715f845dc957ce6d711cbff19","parentId":"wrk_a669ea9da31c48aa9ab92b440bde4850","modified":1653076357080,"created":1651217257728,"url":"http://localhost:4000/api/v0.0/tasks/:id","name":"Tasks/:id","description":"","method":"GET","body":{"mimeType":"application/json","text":"{\n\t\"id\": 1\n}"},"parameters":[],"headers":[{"name":"Content-Type","value":"application/json","id":"pair_222dcf85fb6240eb93227433f6c06a36"}],"authentication":{},"metaSortKey":-1650879697771.5,"isPrivate":false,"settingStoreCookies":true,"settingSendCookies":true,"settingDisableRenderRequestBody":false,"settingEncodeUrl":true,"settingRebuildPath":true,"settingFollowRedirects":"global","_type":"request"},{"_id":"req_91dc6deabaa441e2bbc2a15294cd1566","parentId":"wrk_a669ea9da31c48aa9ab92b440bde4850","modified":1652820870405,"created":1650531852291,"url":"http://localhost:4000/api/v0.0/tasks/","name":"Tasks","description":"","method":"GET","body":{"mimeType":"application/json","text":""},"parameters":[],"headers":[{"name":"Content-Type","value":"application/json","id":"pair_5ef7f7be1d0545508f93ae31ceec734b"}],"authentication":{},"metaSortKey":-1650620916441,"isPrivate":false,"settingStoreCookies":true,"settingSendCookies":true,"settingDisableRenderRequestBody":false,"settingEncodeUrl":true,"settingRebuildPath":true,"settingFollowRedirects":"global","_type":"request"},{"_id":"req_f377edf4b8cd4388b79ddc5bad00eb9e","parentId":"wrk_a669ea9da31c48aa9ab92b440bde4850","modified":1653076355040,"created":1650531872089,"url":"http://localhost:4000/api/v0.0/task/","name":"Task","description":"","method":"POST","body":{"mimeType":"application/json","text":"{\n\t\"description\": \"Comprar membrillo\",\n\t\"done\": false\n}"},"parameters":[],"headers":[{"name":"Content-Type","value":"application/json","id":"pair_8dc7a85e39a14c94885e30fce060fc37"}],"authentication":{},"metaSortKey":-1650620916416,"isPrivate":false,"settingStoreCookies":true,"settingSendCookies":true,"settingDisableRenderRequestBody":false,"settingEncodeUrl":true,"settingRebuildPath":true,"settingFollowRedirects":"global","_type":"request"},{"_id":"req_9585679ef30d4bb6b86d80175d8bed7e","parentId":"wrk_a669ea9da31c48aa9ab92b440bde4850","modified":1653076352916,"created":1650619998686,"url":"http://localhost:4000/api/v0.0/task/","name":"Task","description":"","method":"PUT","body":{"mimeType":"application/json","text":"{\n\t\t\"id\": 7,\n\t\t\"description\": \"Comprar jamón\",\n\t\t\"done\": false\n}\n "},"parameters":[],"headers":[{"name":"Content-Type","value":"application/json","id":"pair_705ce2ae23f34737bbe1c29bffdedec4"}],"authentication":{},"metaSortKey":-1650620916403.5,"isPrivate":false,"settingStoreCookies":true,"settingSendCookies":true,"settingDisableRenderRequestBody":false,"settingEncodeUrl":true,"settingRebuildPath":true,"settingFollowRedirects":"global","_type":"request"},{"_id":"req_f6911f33c1a14818ade8b5befed68458","parentId":"wrk_a669ea9da31c48aa9ab92b440bde4850","modified":1653076350962,"created":1650620916391,"url":"http://localhost:4000/api/v0.0/task/","name":"Task","description":"","method":"DELETE","body":{"mimeType":"application/json","text":"{\n\t\"id\": 5\n}"},"parameters":[],"headers":[{"name":"Content-Type","value":"application/json","id":"pair_7db3e7cab5974750b11ee77c68689df0"}],"authentication":{},"metaSortKey":-1650620916391,"isPrivate":false,"settingStoreCookies":true,"settingSendCookies":true,"settingDisableRenderRequestBody":false,"settingEncodeUrl":true,"settingRebuildPath":true,"settingFollowRedirects":"global","_type":"request"},{"_id":"env_1804e60696e11c984d0044641bcd61507b511ace","parentId":"wrk_a669ea9da31c48aa9ab92b440bde4850","modified":1650625060851,"created":1650531836544,"name":"Base Environment","data":{},"dataPropertyOrder":{},"color":null,"isPrivate":false,"metaSortKey":1650531836545,"_type":"environment"},{"_id":"jar_1804e60696e11c984d0044641bcd61507b511ace","parentId":"wrk_a669ea9da31c48aa9ab92b440bde4850","modified":1650531836548,"created":1650531836548,"name":"Default Jar","cookies":[],"_type":"cookie_jar"},{"_id":"spc_7f29a4f189ec4777ab8487ac735fee87","parentId":"wrk_a669ea9da31c48aa9ab92b440bde4850","modified":1650531836535,"created":1650531836535,"fileName":"Express Tasks","contents":"","contentType":"yaml","_type":"api_spec"}]}